{"random_method":{"description":"Simplex Noise","name":"SimplexNoise","ordinal":3,"$$hashKey":"object:28"},"random_parameters":{"frequency":360,"octaves":10,"persistence":0.45,"lacunarity":1.9,"base":2.52},"normal_map_parameters":{"strength":0.01},"blend_parameters":{"strength":25,"mapping_data":{"points":[[0,0.2607426570012019],[0.26546546936035154,0.21458881084735576],[0.5254654693603515,0.7992041954627404],[1,1]],"tangents":[-0.0037864190150552054,0.03562384103461757,0.060114163920085575,0.02643341153652117]},"minimum":0,"maximum":255}}